tweet,favorites,retweets,user,date,hour
Michal Stencl: Cesta reportu z dat k zodpovednym lidem je pri tymu 5 lidi dlouha sedm dnu... #dataconf14,0,0,vojtano_k,22/11/2014,16
"RT @JustXsi: “Geniální taktikou moderní cenzury je, že vám neupírá přístup k informacím, naopak – zahltí vás.” @jakubmracek na #DataConf14",0,24,tomexx,22/11/2014,16
"RT @PetrTwo: ""Big data = data, ktera uz nezvladate zpracovavat."" #DataConf14 http://t.co/DXk63k8LD1",0,3,new_POPE,22/11/2014,16
Najdi #DataConf14 na @klaboseni. http://t.co/A85u2Etgyn,0,0,Martix_cz,22/11/2014,16
"RT @JustXsi: “Geniální taktikou moderní cenzury je, že vám neupírá přístup k informacím, naopak – zahltí vás.” @jakubmracek na #DataConf14",0,24,piratenewscz,22/11/2014,16
"RT @PetrTwo: Challenge: ""Zkusime udelat BI project behem prednasky"" #DataConf14 http://t.co/DaGlHNtYhH",0,1,dataconfcz,22/11/2014,16
"konecne prijde odpoved na otazku zivota, vesmiru a vubec #dataconf14 http://t.co/u8hQUqOpZe",1,0,edison23net,22/11/2014,16
Tohle bude taky o smyslu zivota? :) #DataConf14 http://t.co/WvjBaYcc3n,1,0,PetrTwo,22/11/2014,16
ziva implementace BI behem presentace… panove si zahravaji s ohnem; podari se to? xD #dataconf14,1,0,edison23net,22/11/2014,16
"@michaelstencl: ""Je to cas!"" #DataConf14 http://t.co/0mblYDkBPM",1,0,PetrVolny,22/11/2014,16
"Challenge: ""Zkusime udelat BI project behem prednasky"" #DataConf14 http://t.co/DaGlHNtYhH",0,1,PetrTwo,22/11/2014,16
"RT @zdrojak: Dnešek je plný akcí: #devfestcz v Praze, #DataConf14 v Brně a #barcampcz v Ostravě.",0,4,h_onza,22/11/2014,16
"7 dní je priemerný čas, kým sa dáta dostanú k zodpovednej osobe. Aj v malých firmách. #gooddata #DataConf14",3,0,davidtvrdon,22/11/2014,16
Když BI dává smysl... @michaelstencl #gooddata #DataConf14 http://t.co/RlWX177aDH,3,0,jirtob,22/11/2014,16
"RT @vitvolsicka: ""Když hledáte pravdu, potřebujete hromadu informací a dobře je analyzovat"" :) #DataConf14",0,1,VojtaRocek,22/11/2014,16
"RT @vojtano_k: Jak @VojtaRocek tak @MichalBuzek rikaji, ze nic neumi. Ale neumi to ocividne moc dobre #dataconf14",0,1,VojtaRocek,22/11/2014,16
RT @davidtvrdon: Prečo robí @VojtaRocek dátovú analytiku? Má rád pravdu. A pravda je v dátach :) #DataConf14,0,1,VojtaRocek,22/11/2014,16
RT @PavelLasak: Jak využít Excel pro reset z #DataConf14 http://t.co/b5rVy7Aawc,0,1,edison23net,22/11/2014,16
Jdeme do finále! Poslední tři přednášky a pak Data party ve Velorexu :) #DataConf14,0,0,dataconfcz,22/11/2014,16
"RT @JustXsi: “Geniální taktikou moderní cenzury je, že vám neupírá přístup k informacím, naopak – zahltí vás.” @jakubmracek na #DataConf14",0,24,archetypal_cz,22/11/2014,16
Vstřebávání dat o přestávce @EmaWojcik #dataconf14 http://t.co/dur2vgnSXJ,3,0,CoffeeWithMILF,22/11/2014,15
Jak využít Excel pro reset z #DataConf14 http://t.co/b5rVy7Aawc,2,1,PavelLasak,22/11/2014,15
@vitvolsicka Takže se nabízí otázka: Co po dnešku pro dobro lidí můžeš udělat ty? #DataConf14,0,0,jankadlec_cz,22/11/2014,15
"Poslední šance o přestávce - nezapomeňte ještě nalepit modrý puntík soutěžní hlášce, která se vám nejvíc líbí #DataConf14",0,0,dataconfcz,22/11/2014,15
"RT @vitvolsicka: Mrzí mě, že zatím se datová analytika využívá hlavně pro zvýšení prodejů a ne pro pomoc lidem #DataConf14",0,1,_Juhy,22/11/2014,15
RT @endlife: Proudly presenting  the czech translation of @AllenDowney's Think Stats at #dataconf14 (just went into print). http://t.co/5ev…,0,1,AllenDowney,22/11/2014,15
RT @Martix_cz: #DataConf14 Je Mendelejevova periodicka tabulka prvku prvni infografikou?,0,1,VojtaRocek,22/11/2014,15
"RT @h_onza: #DataConf14 data v nasem statu nestavime top-down ani bottom-up, mame vlastni system bottom-nikam",0,4,VojtaRocek,22/11/2014,15
Neurony by @IgorSzoke #DataConf14 #epic http://t.co/zxKZztEUDP,4,0,iVerNen,22/11/2014,15
"myslim, ze kreslit si slidy na papir a scanovat je, je zatim nejoriginalnejsi zpusob tvorby presentace na #dataconf14
kam se hrabe #latex",2,0,edison23net,22/11/2014,15
"Mrzí mě, že zatím se datová analytika využívá hlavně pro zvýšení prodejů a ne pro pomoc lidem #DataConf14",5,1,vitvolsicka,22/11/2014,15
"""Protože mě nebaví dělat v ppt, kreslím si slidy sám a pak je naskenuju.""
#dataconf14",1,0,XimaraQuerida,22/11/2014,15
Český rozhlas vytěžuje nebo zužitkovava informace? #DataConf14 http://t.co/B99cqE5nxF,1,0,PavelLasak,22/11/2014,15
"RT @JustXsi: “Geniální taktikou moderní cenzury je, že vám neupírá přístup k informacím, naopak – zahltí vás.” @jakubmracek na #DataConf14",0,24,MichalBuzek,22/11/2014,15
"RT @h_onza: #DataConf14 data v nasem statu nestavime top-down ani bottom-up, mame vlastni system bottom-nikam",0,4,MichalBuzek,22/11/2014,15
#DataConf14 Periodicka tabulka podruhe - A Periodic Table of Visualization Methods: http://t.co/GDOG3f1JU1 #infografika o #infografice,1,0,Martix_cz,22/11/2014,15
Bod pro @IgorSzoke za doodle slide #DataConf14 http://t.co/HwVYXTxCjk,3,0,iVerNen,22/11/2014,15
"zkopirovat si databazi z CSFD je nelegalni, ale zapamatovat si ji celou je ok
#pravo #dataconf14",1,0,edison23net,22/11/2014,15
Jinak Veronika Bulková měla výbornou přednášku o datech ve zdravotnictví. Snad nebyla její poslední. #dataconf14,5,0,fox_in_soxx,22/11/2014,15
"RT @edison23net: ""lidi, co rikaj, ze maj #bigdata , svoje data nezvladaj."" #dataconf14",0,3,vitvolsicka,22/11/2014,15
"#dataconf14 dal do vstupního balíčku sice mapu, propisku a nějakou tu reklamu, program v něm ale chyběl.",1,0,fox_in_soxx,22/11/2014,15
"a vubec v tom neni bordel
#pravo #dataconf14",1,0,edison23net,22/11/2014,15
"byt zpracovatelem osobnich dat vas zbavuje odpovednosti za jejich puvod, byt spravcem ne… ale hranice je velmi  tenka #dataconf14",0,0,edison23net,22/11/2014,15
Know-how - právo opět tento pojem nezná Michal Koštík #dataconf14,2,0,PavelLasak,22/11/2014,15
"RT @jakubmracek: Úplně jsem zapomněl: Dovoluji si doporučit všem, které se mi podařilo zlákat na #opendatacz, naši knihu http://t.co/96Vr1D…",0,6,MichalLorenz,22/11/2014,15
"RT @JustXsi: “Geniální taktikou moderní cenzury je, že vám neupírá přístup k informacím, naopak – zahltí vás.” @jakubmracek na #DataConf14",0,24,czleft,22/11/2014,14
#DataConf14 Je Mendelejevova periodicka tabulka prvku prvni infografikou?,1,1,Martix_cz,22/11/2014,14
Tým Dmitriho Mendělejeva: Ať žijí Google Images &lt;3 #DataConf14 http://t.co/I5XJvo639O,3,0,endlife_cs,22/11/2014,14
"RT @JustXsi: “Geniální taktikou moderní cenzury je, že vám neupírá přístup k informacím, naopak – zahltí vás.” @jakubmracek na #DataConf14",0,24,peter_balbercak,22/11/2014,14
"Michal Koscik: pravo nechrani myslenku, ale jen jeji vyjadreni. #dataconf14",1,0,vojtano_k,22/11/2014,14
"Michal Koščík je prvý vtipný právnik, ktorého som na konferencii zažil prednášať: ""Právo dátového analytika nepozná :)))” #DataConf14",1,0,davidtvrdon,22/11/2014,14
Michal Koscik: Ceske pravo nezna datoveho analytika a neumi ho pojmenovat. #DataConf14,1,0,vojtano_k,22/11/2014,14
"#dataconf14 pojem ""datový analytik"" právo nezná - Michal Koštik",1,0,PavelLasak,22/11/2014,14
"""Kdo se na právnické fakultě zabývá datovou analytikou? Vpodstatě nikdo."" #DataConf14",2,0,ImThePudge,22/11/2014,14
"RT @JustXsi: “Geniální taktikou moderní cenzury je, že vám neupírá přístup k informacím, naopak – zahltí vás.” @jakubmracek na #DataConf14",0,24,MadSmejki,22/11/2014,14
"RT @jakubmracek: Úplně jsem zapomněl: Dovoluji si doporučit všem, které se mi podařilo zlákat na #opendatacz, naši knihu http://t.co/96Vr1D…",0,6,XimaraQuerida,22/11/2014,14
"RT @jakubmracek: Úplně jsem zapomněl: Dovoluji si doporučit všem, které se mi podařilo zlákat na #opendatacz, naši knihu http://t.co/96Vr1D…",0,6,jankadlec_cz,22/11/2014,14
"#dataconf14 150.000.000 kamer, za chvíli budou připojena k nám Adam Herout",1,0,PavelLasak,22/11/2014,14
"RT @vojtano_k: Takze neni problem v nedostatku pokrocilych technologii ve zdravotnictvi, ale jejich koordinace a cena. #dataconf14",0,1,vitvolsicka,22/11/2014,14
"RT @dataconfcz: Right now, right here... Máme už první fotky na FB. Ale nekoukejte na ně a dávejte pozor! :D http://t.co/3HhxrUmbkp  #DataC…",0,1,Martix_cz,22/11/2014,14
"Right now, right here... Máme už první fotky na FB. Ale nekoukejte na ně a dávejte pozor! :D http://t.co/3HhxrUmbkp  #DataConf14",4,1,dataconfcz,22/11/2014,14
"RT @jakubmracek: Úplně jsem zapomněl: Dovoluji si doporučit všem, které se mi podařilo zlákat na #opendatacz, naši knihu http://t.co/96Vr1D…",0,6,dataconfcz,22/11/2014,14
"""o nasl. desetileti budou nejspis mluvit jako o 10leti pocitac. videni""
-jen aby to nebylo jak se stroj. prekladem (viz r. 1954) #dataconf14",0,0,edison23net,22/11/2014,14
"tezko vyvijet technologii, u niz nevime, co ma delat
#pocitacoveVideni #dataconf14",0,0,edison23net,22/11/2014,14
"RT @jakubmracek: Úplně jsem zapomněl: Dovoluji si doporučit všem, které se mi podařilo zlákat na #opendatacz, naši knihu http://t.co/96Vr1D…",0,6,cervenypult,22/11/2014,14
"RT @jakubmracek: Úplně jsem zapomněl: Dovoluji si doporučit všem, které se mi podařilo zlákat na #opendatacz, naši knihu http://t.co/96Vr1D…",0,6,iVerNen,22/11/2014,14
@jakubmracek To my děkujeme za skvělou přednášku :) #dataconf14,4,0,ImThePudge,22/11/2014,14
zaklad pocitacu? kolo. #dataconf14,2,0,edison23net,22/11/2014,14
"Úplně jsem zapomněl: Dovoluji si doporučit všem, které se mi podařilo zlákat na #opendatacz, naši knihu http://t.co/96Vr1DW6GX #DataConf14",7,6,jakubmracek,22/11/2014,14
Opouštím #DataConf14. Díky za milé publikum a inspiraci. Užijte si zbytek!,3,0,jakubmracek,22/11/2014,14
Začínáme odpolední blok! Adam @adamheroutcz jde na věc #DataConf14,0,0,dataconfcz,22/11/2014,14
"RT @adamhruby: To takhle trolíte pravdama @VojtaRocek den před jeho přednáškou, a on je pak s chladným klidem druhý den odpřednáší. #likeab…",0,1,VojtaRocek,22/11/2014,14
"To takhle trolíte pravdama @VojtaRocek den před jeho přednáškou, a on je pak s chladným klidem druhý den odpřednáší. #likeaboss #DataConf14",5,1,adamhruby,22/11/2014,14
RT @paveljasek: Kniha 'Think Stats: Pravděpodobnost a statistika pro programátory' v českém překladu a zdarma: http://t.co/jehFliiNPJ #Data…,0,12,jakubmracek,22/11/2014,14
"RT @jakubmracek: .@vojtarocek: Pokud říkáte, že máte #bigdata, pravděpodobně je nezvládáte. #DataConf14",0,5,adamhruby,22/11/2014,14
"RT @jakubmracek: ""@edison23net: nejdriv postavit datovou analytiku, pak az firmu."" Příkladem je @damejidlo, které nejdřív mělo nastavené me…",0,4,VojtaRocek,22/11/2014,14
"RT @jakubmracek: Každá firma bude potřebovat člověka, který se jí bude starat o data. @VojtaRocek @ #DataConf14",0,2,VojtaRocek,22/11/2014,14
"RT @edison23net: ""lidi, co rikaj, ze maj #bigdata , svoje data nezvladaj."" #dataconf14",0,3,VojtaRocek,22/11/2014,14
15 minut - akademicka ctvrthodinka #DataConf14,1,0,dataconfcz,22/11/2014,14
RT @paveljasek: Kniha 'Think Stats: Pravděpodobnost a statistika pro programátory' v českém překladu a zdarma: http://t.co/jehFliiNPJ #Data…,0,12,bajtos,22/11/2014,13
Podle MDT na #DataConf14 mám EKG i krevní cukr v poho. Takže si zasloužím odměnu. http://t.co/o1flm4QonT,2,0,jankadlec_cz,22/11/2014,13
"Nezacinejte pls bez nas, pul hodiny cekame na jidlo... :D #DataConf14 http://t.co/IeUsajD0xy",4,0,PetrTwo,22/11/2014,13
"RT @JustXsi: “Geniální taktikou moderní cenzury je, že vám neupírá přístup k informacím, naopak – zahltí vás.” @jakubmracek na #DataConf14",0,24,alzbetah,22/11/2014,13
"RT @h_onza: #DataConf14 data v nasem statu nestavime top-down ani bottom-up, mame vlastni system bottom-nikam",0,4,marek_jelen,22/11/2014,13
RT @jakubmracek: Chybovost zdravotnických diagnoz je až 20 %. Veronika Bulkova na #dataconf14,0,2,antobiasek,22/11/2014,13
"""Zdravotní sestry se průměrně věnují svým pacientům pouze 19 % ze své pracovní doby."" smutné #DataConf14",1,0,ImThePudge,22/11/2014,13
"RT @davidtvrdon: Veronika Bulková: Lekár nerobí nič iné, len zisťuje o vás dáta a na ich základe sa snaží vyvodiť záver. Sú to dátoví analy…",0,2,ischiam,22/11/2014,13
"RT @PetrTwo: Priklad blbe prace s daty, ktera nas stoji cas, penize a potrebnou peci. #DataConf14 http://t.co/jIwztrfsLB",0,1,jirtob,22/11/2014,13
Zatím byla rozhodně nejlepší přednáška o OpenDatech. #DataConf14,2,0,ImThePudge,22/11/2014,13
"Veronika Bulková: „Lékaři neumí s ničím jiným, než s Excelem.“ Doplnil bych: „Ve skutečnosti neumí ani s Excelem.“ #DataConf14 @endlife_cs",2,0,EdaKucera,22/11/2014,13
"RT @zdrojak: Dnešek je plný akcí: #devfestcz v Praze, #DataConf14 v Brně a #barcampcz v Ostravě.",0,4,GISHackathon,22/11/2014,13
"RT @JustXsi: “Geniální taktikou moderní cenzury je, že vám neupírá přístup k informacím, naopak – zahltí vás.” @jakubmracek na #DataConf14",0,24,peky913,22/11/2014,12
RT @paveljasek: Kniha 'Think Stats: Pravděpodobnost a statistika pro programátory' v českém překladu a zdarma: http://t.co/jehFliiNPJ #Data…,0,12,KlimesFilip,22/11/2014,12
"RT @JustXsi: “Geniální taktikou moderní cenzury je, že vám neupírá přístup k informacím, naopak – zahltí vás.” @jakubmracek na #DataConf14",0,24,VojtaRocek,22/11/2014,12
"RT @endlife_cs: Veronika Bulková: „Lékaři neumí s ničím jiným, než s Excelem.“ Doplnil bych: „Nikdo neumí s ničím jiným, než s Excelem.“ #D…",0,1,VojtaRocek,22/11/2014,12
RT @jakubmracek: Chybovost zdravotnických diagnoz je až 20 %. Veronika Bulkova na #dataconf14,0,2,byFcz,22/11/2014,12
"RT @JustXsi: “Geniální taktikou moderní cenzury je, že vám neupírá přístup k informacím, naopak – zahltí vás.” @jakubmracek na #DataConf14",0,24,KristinaVotruba,22/11/2014,12
RT @paveljasek: Kniha 'Think Stats: Pravděpodobnost a statistika pro programátory' v českém překladu a zdarma: http://t.co/jehFliiNPJ #Data…,0,12,kepkap,22/11/2014,12
"Takze neni problem v nedostatku pokrocilych technologii ve zdravotnictvi, ale jejich koordinace a cena. #dataconf14",3,1,vojtano_k,22/11/2014,12
Nález - černá pánská rukavice :) k vyzvednutí v backstage na stole #DataConf14,0,0,dataconfcz,22/11/2014,12
"RT @edison23net: nemocnice evidentne nemaji programatory, kteri by umeli analysovat krivku… studenti informatiky, go for it! #dataconf14",0,1,jakubmracek,22/11/2014,12
@endlife_cs a 90 % ani to ne :/ #dataconf14,1,0,jakubmracek,22/11/2014,12
RT @paveljasek: Kniha 'Think Stats: Pravděpodobnost a statistika pro programátory' v českém překladu a zdarma: http://t.co/jehFliiNPJ #Data…,0,12,klokane,22/11/2014,12
"nemocnice evidentne nemaji programatory, kteri by umeli analysovat krivku… studenti informatiky, go for it! #dataconf14",5,1,edison23net,22/11/2014,12
"Veronika Bulková: „Lékaři neumí s ničím jiným, než s Excelem.“ Doplnil bych: „Nikdo neumí s ničím jiným, než s Excelem.“ #DataConf14",6,1,endlife_cs,22/11/2014,12
Chybovost zdravotnických diagnoz je až 20 %. Veronika Bulkova na #dataconf14,2,2,jakubmracek,22/11/2014,12
"#DataConf14 souhlasite, ze v analyza nestrukturovanych medicinskych dat je budoucnost mediciny?",3,0,h_onza,22/11/2014,12
"""Doktoři umí jenom s Excelem, s ničím jiným.""
Tak jestli s ním umí správně...
#dataconf14",2,0,XimaraQuerida,22/11/2014,12
"Priklad blbe prace s daty, ktera nas stoji cas, penize a potrebnou peci. #DataConf14 http://t.co/jIwztrfsLB",5,1,PetrTwo,22/11/2014,12
"RT @JustXsi: “Geniální taktikou moderní cenzury je, že vám neupírá přístup k informacím, naopak – zahltí vás.” @jakubmracek na #DataConf14",0,24,Belbobelbo,22/11/2014,12
"zdravotni sestry nemusi vlastne ani umet se starat o pacienta, staci jim umet vyplnovat zadanky na vysetreni a generovat data #dataconf14",1,0,edison23net,22/11/2014,12
"Vypada to, ze ve zdravotnictvi funguje brutalni vendor lock-in. Smutne. #dataconf14",3,0,vojtano_k,22/11/2014,12
"Duplikace vyšetření, nekomunikujici databáze a alibismus pojišťoven... Datový #maiham ve zdravotnictví na #dataconf14. #ehealth",2,0,jakubmracek,22/11/2014,12
"#dataconf14 proč opakovt vyšetření? Nelze poslat data a šetřit pacienta, lékaře a naše finance, mnohdy kvůli zákonům.",2,0,PavelLasak,22/11/2014,12
"#DataConf14 diky veronice za medicinsky motivation speech, @VojtaRocek jdeme delat analytiku do vzp?",5,0,h_onza,22/11/2014,12
"na trideni dat se dostalo i na prednasce z domeny mediciny #dataconf14 
#tridteOdpad",1,0,edison23net,22/11/2014,12
"RT @jakubmracek: .@vojtarocek: Pokud říkáte, že máte #bigdata, pravděpodobně je nezvládáte. #DataConf14",0,5,accusoftinfoway,22/11/2014,12
"RT @jakubmracek: .@vojtarocek: Pokud říkáte, že máte #bigdata, pravděpodobně je nezvládáte. #DataConf14",0,5,VojtaRocek,22/11/2014,12
"RT @jankadlec_cz: Big Data jsou data, která (dnes) nezvládáte (svou) technologií zpracovat. @VojtaRocek na #DataConf14",0,1,VojtaRocek,22/11/2014,12
"RT @PetrTwo: Digital natives = mytus"" #DataConf14 http://t.co/6m1kFcVVm5",0,1,dataconfcz,22/11/2014,12
RT @paveljasek: Kniha 'Think Stats: Pravděpodobnost a statistika pro programátory' v českém překladu a zdarma: http://t.co/jehFliiNPJ #Data…,0,12,jukben,22/11/2014,12
"RT @zdrojak: Dnešek je plný akcí: #devfestcz v Praze, #DataConf14 v Brně a #barcampcz v Ostravě.",0,4,Radezim,22/11/2014,12
RT @edison23net: mendelejevka je skvelou ukazkou vycucu dat a grafickeho designu #dataconf14,0,1,jakubmracek,22/11/2014,12
#dataoverloaded je tématem i v přednášce V. Bulkove o zdravotnických dat. Akademický #kafemlejnek je toho příčinou. #dataconf14,2,0,jakubmracek,22/11/2014,12
RT @paveljasek: Kniha 'Think Stats: Pravděpodobnost a statistika pro programátory' v českém překladu a zdarma: http://t.co/jehFliiNPJ #Data…,0,12,Minarth,22/11/2014,12
RT @korinektomas: .@seznam_cz připravuje spolupráci s #TopGis. Na základě obrazové analýzy pak dokážou např. detekovat výmoly na silnicích.…,0,3,zimmicz,22/11/2014,12
mendelejevka je skvelou ukazkou vycucu dat a grafickeho designu #dataconf14,2,1,edison23net,22/11/2014,12
"RT @davidtvrdon: Veronika Bulková: Lekár nerobí nič iné, len zisťuje o vás dáta a na ich základe sa snaží vyvodiť záver. Sú to dátoví analy…",0,2,jakubmracek,22/11/2014,12
RT @davidtvrdon: Užitočná aplikácia na mapy a časové osy: TimeMapper. Vďaka @jakubmracek! #DataConf14 http://t.co/jl0q2bvGMb,0,1,dataconfcz,22/11/2014,12
"Veronika Bulková: Lekár nerobí nič iné, len zisťuje o vás dáta a na ich základe sa snaží vyvodiť záver. Sú to dátoví analytici:) #DataConf14",2,2,davidtvrdon,22/11/2014,12
"Lékař je vlastně nástroj, který jenom kompiluje data. #dataconf14",2,0,XimaraQuerida,22/11/2014,12
RT @RadimHampel: #dataconf14 Jasně nejmladší účastník. #littledata rocks. http://t.co/ZwrulCgNEy,0,1,dataconfcz,22/11/2014,12
Úžasná přednáška @jakubmracek na #DataConf14 ... Víc lidí do oblasti Open data!,7,0,_Juhy,22/11/2014,12
"RT @h_onza: #DataConf14 data v nasem statu nestavime top-down ani bottom-up, mame vlastni system bottom-nikam",0,4,vojtano_k,22/11/2014,11
"Digital natives = mytus"" #DataConf14 http://t.co/6m1kFcVVm5",3,1,PetrTwo,22/11/2014,11
"#DataConf14 data v nasem statu nestavime top-down ani bottom-up, mame vlastni system bottom-nikam",7,4,h_onza,22/11/2014,11
".@jakubmracek na #dataconf14 výborný — pokud je to vážně jeho poslední přednáška o #opendata, doufám, že se už chystá aspoň nějaký revival.",6,0,endlife_cs,22/11/2014,11
"digital natives je mytus, vetsina mladych lidi umi s pocitaci houby #dataconf14",3,0,edison23net,22/11/2014,11
Chci aby me na stredni skole ucil @jakubmracek ! #dataconf14,8,0,vojtano_k,22/11/2014,11
"Úplně mě žere, že tam nejsem #DataConf14 doufám, že budou videa.",3,0,M_LETAL,22/11/2014,11
"RT @JustXsi: “Geniální taktikou moderní cenzury je, že vám neupírá přístup k informacím, naopak – zahltí vás.” @jakubmracek na #DataConf14",0,24,xmireknovak,22/11/2014,11
"RT @JustXsi: “Geniální taktikou moderní cenzury je, že vám neupírá přístup k informacím, naopak – zahltí vás.” @jakubmracek na #DataConf14",0,24,CoffeeWithMILF,22/11/2014,11
@jakubmracek doporucuje na #DataConf14 nastroje pro datovou analytiku @OpenRefine a @GoogleFT.,2,0,Martix_cz,22/11/2014,11
"RT @zdrojak: Dnešek je plný akcí: #devfestcz v Praze, #DataConf14 v Brně a #barcampcz v Ostravě.",0,4,CoffeeWithMILF,22/11/2014,11
"RT @JustXsi: “Geniální taktikou moderní cenzury je, že vám neupírá přístup k informacím, naopak – zahltí vás.” @jakubmracek na #DataConf14",0,24,pdostal_cz,22/11/2014,11
"RT @endlife_cs: „Přemnožení dat je způsob, jak si zkazit dobré vztahy.“ @jakubmracek na #dataconf14",0,1,XimaraQuerida,22/11/2014,11
"RT @JustXsi: “Geniální taktikou moderní cenzury je, že vám neupírá přístup k informacím, naopak – zahltí vás.” @jakubmracek na #DataConf14",0,24,ridercz,22/11/2014,11
RT @dataconfcz: Vypadly nám pojistky u kafe! Paniká! :)) Omlouváme se #DataConf14,0,2,jirtob,22/11/2014,11
"nejvetsi problem #wikipedia je mnozstvi jaz. verzi, jejichz aktualizace je problematicka a pracna #dataconf14",2,0,edison23net,22/11/2014,11
"#DataConf14 pro me novika lekovaencyklopedie.cz, znas to, @Perlino ?",1,0,h_onza,22/11/2014,11
Užitočná aplikácia na mapy a časové osy: TimeMapper. Vďaka @jakubmracek! #DataConf14 http://t.co/jl0q2bvGMb,5,1,davidtvrdon,22/11/2014,11
"Neni problem aneb ""super pristupny data"" :) @jakubmracek #DataConf14 http://t.co/qf1udnDHS4",5,0,iVerNen,22/11/2014,11
"RT @gooddata_dev: GoodDay, GoodCafe and for sure some GoodData here in Brno at #dataconf14 ! #datalove @MichalBuzek #seznamcz http://t.co/k…",0,3,PetrSimecek,22/11/2014,11
"@jakubmracek na #DataConf14: ""Informacni gramotnost je datova analytika pro osmnacti lete deti."" Doufam ze to neslysi @etuto. :-)",2,0,Martix_cz,22/11/2014,11
#DataConf14 palec nahoru za politickefinance.cz,4,0,h_onza,22/11/2014,11
"Nebojte se data tridit, nebojte se je vyhazovat a nejlepe zbytecna data vubec neprodukujte @jakubmracek #DataConf14 http://t.co/oyk9udoZ7T",3,0,iVerNen,22/11/2014,11
"„Přemnožení dat je způsob, jak si zkazit dobré vztahy.“ @jakubmracek na #dataconf14",8,1,endlife_cs,22/11/2014,11
"Naucte se data tridit, idealne zbytecne tvorbe predchazejte, nebo budete zit hlavne svuj metazivot. #DataConf14 http://t.co/mLh5h5iuYc",3,0,PetrTwo,22/11/2014,11
"Dnešek je plný akcí: #devfestcz v Praze, #DataConf14 v Brně a #barcampcz v Ostravě.",6,4,zdrojak,22/11/2014,11
"#dataconf14 třídit a vyhazovat, at se z toho nezblaznite...",1,0,PavelLasak,22/11/2014,11
Poznamka k Jakub Mráček a standardum na standardy: http://t.co/IP81jDRnNc #DataConf14 hint: Najedte mysi na obrazek pro zobrazeni titulku.,3,0,Martix_cz,22/11/2014,11
“Sme zahltení veľkým množstvom zlých a zbytočných dát.” @jakubmracek na #DataConf14. Odkazuje: Mažte! Trieďte! Premýšľajte!,2,0,davidtvrdon,22/11/2014,11
"RT @vojtano_k: Jakub Mracek: Nejucinejsi forma cenzury neni odepreni informaci, ale zahlceni velkou spoustou informaci. #dataconf14",0,1,jukben,22/11/2014,11
"""budte v klidu a vyhazujte (data)"" #dataconf14",2,0,edison23net,22/11/2014,11
#dataconf14 Jasně nejmladší účastník. #littledata rocks. http://t.co/ZwrulCgNEy,1,1,RadimHampel,22/11/2014,11
"Škoda, že je zároveň #DevFestCZ #barcampcz i #DataConf14.
Příště by to chtělo domluvit, aby se nepřekrývali,
protože mají podobné téma...",3,0,MarekLecian,22/11/2014,11
"RT @PetrTwo: ""Big data = data, ktera uz nezvladate zpracovavat."" #DataConf14 http://t.co/DXk63k8LD1",0,3,zdrojak,22/11/2014,11
"RT @durnovaeva: Víte, k čemu jste u registrace na #dataconf14 dostali ty modré hlasovací lístky? Ne? Tak teď už to víte :) http://t.co/48Lk…",0,4,zdrojak,22/11/2014,11
RT @paveljasek: Kniha 'Think Stats: Pravděpodobnost a statistika pro programátory' v českém překladu a zdarma: http://t.co/jehFliiNPJ #Data…,0,12,zdrojak,22/11/2014,11
"RT @JustXsi: “Geniální taktikou moderní cenzury je, že vám neupírá přístup k informacím, naopak – zahltí vás.” @jakubmracek na #DataConf14",0,24,PavlinaAmalie,22/11/2014,11
"Jakub Mracek: Nejucinejsi forma cenzury neni odepreni informaci, ale zahlceni velkou spoustou informaci. #dataconf14",6,1,vojtano_k,22/11/2014,11
"RT @JustXsi: “Geniální taktikou moderní cenzury je, že vám neupírá přístup k informacím, naopak – zahltí vás.” @jakubmracek na #DataConf14",0,24,vitvolsicka,22/11/2014,11
RT @paveljasek: Kniha 'Think Stats: Pravděpodobnost a statistika pro programátory' v českém překladu a zdarma: http://t.co/jehFliiNPJ #Data…,0,12,hassmanm,22/11/2014,11
"prvni uspech, kdyz data vubec na internetu jsou #dataconf14",2,0,edison23net,22/11/2014,11
"RT @JustXsi: “Geniální taktikou moderní cenzury je, že vám neupírá přístup k informacím, naopak – zahltí vás.” @jakubmracek na #DataConf14",0,24,Martix_cz,22/11/2014,11
"""Více dat neznamená lepší porozumění. (...) Je opravdu potřeba zaznamenávat každou sekundu místo 1x za 10min?"" #DataConf14",3,0,vitvolsicka,22/11/2014,11
Nádherná IT konvergence v podání @jakubmracek :) #DataConf14 http://t.co/0Cdes8RbKS,5,0,VojtaRocek,22/11/2014,11
"RT @JustXsi: “Geniální taktikou moderní cenzury je, že vám neupírá přístup k informacím, naopak – zahltí vás.” @jakubmracek na #DataConf14",0,24,ycdmdj,22/11/2014,11
RT @RadimHampel: #dataconf14 Počet tvítu roste! #goodcafe http://t.co/mf0Q8BdmFD,0,1,lubosbednar,22/11/2014,11
"RT @JustXsi: “Geniální taktikou moderní cenzury je, že vám neupírá přístup k informacím, naopak – zahltí vás.” @jakubmracek na #DataConf14",0,24,NewtonMediaCZ,22/11/2014,11
Pravi informacni moderatori v akci:) #DataConf14 http://t.co/gutFbEGSuD,4,0,iVerNen,22/11/2014,11
"RT @edison23net: moderni censura spociva v zahlceni daty, nikoliv v jejich odpirani #dataconf14",0,1,lubosbednar,22/11/2014,11
"RT @JustXsi: “Geniální taktikou moderní cenzury je, že vám neupírá přístup k informacím, naopak – zahltí vás.” @jakubmracek na #DataConf14",0,24,davidtvrdon,22/11/2014,11
"RT @JustXsi: “Geniální taktikou moderní cenzury je, že vám neupírá přístup k informacím, naopak – zahltí vás.” @jakubmracek na #DataConf14",0,24,korinektomas,22/11/2014,11
"presentace v power pointu nejsou vzdycky vyhra #dataconf14
#latex ftw",0,0,edison23net,22/11/2014,11
Něco lepšího než cenzura? Zahlcení daty. #DataConf14. Připomíná mi to film Vrtěti psem.,1,0,jankadlec_cz,22/11/2014,11
.@jakubmracek hovorí na #DataConf14 o open data a filozofuje :) prečo musíme napr. dokola vypisovať rovnaké formuláre http://t.co/yLHDxRqFoq,4,0,davidtvrdon,22/11/2014,11
"“Geniální taktikou moderní cenzury je, že vám neupírá přístup k informacím, naopak – zahltí vás.” @jakubmracek na #DataConf14",22,24,JustXsi,22/11/2014,11
"moderni censura spociva v zahlceni daty, nikoliv v jejich odpirani #dataconf14",0,1,edison23net,22/11/2014,11
RT @dataconfcz: Vypadly nám pojistky u kafe! Paniká! :)) Omlouváme se #DataConf14,0,2,h_onza,22/11/2014,11
#dataconf14 založit webovou stránku zvládne každý idiot. I já mám tu svou :-) http://t.co/Q82PJMlzf8,3,0,PavelLasak,22/11/2014,11
"RT @jakubmracek: Každá firma bude potřebovat člověka, který se jí bude starat o data. @VojtaRocek @ #DataConf14",0,2,NewtonMediaCZ,22/11/2014,11
RT @paveljasek: Kniha 'Think Stats: Pravděpodobnost a statistika pro programátory' v českém překladu a zdarma: http://t.co/jehFliiNPJ #Data…,0,12,cervenypult,22/11/2014,11
IT mokrý sen - konvergence #DataConf14 http://t.co/uZ5ZL9y7L0,0,0,vitvolsicka,22/11/2014,11
Jakub Mracek: Stat je neefektivni korporace. #DataConf14,3,0,vojtano_k,22/11/2014,11
"Vulgarismy na akademicke pude vol. II
Co na to @MichalLorenz? #dataconf14",5,0,iggythegrifter,22/11/2014,11
"#dataconf14 Proč když stát už má data, je musím ručně vyplňovat? Řidičák, atd.",1,0,PavelLasak,22/11/2014,11
Mokry sen IT. :D #DataConf14 http://t.co/FCWHjGFLPt,3,0,PetrTwo,22/11/2014,11
+4 stamina +6 energy #dataconf14 http://t.co/k08YNfeSrp,4,0,CoffeeWithMILF,22/11/2014,11
"RT @PavelLasak: #dataconf14 BigData až přestanete zvládat zapracovavat data, prostředky, které mate.",0,1,VojtaRocek,22/11/2014,11
"RT @PetrTwo: ""Big data = data, ktera uz nezvladate zpracovavat."" #DataConf14 http://t.co/DXk63k8LD1",0,3,VojtaRocek,22/11/2014,11
"RT @davidtvrdon: “Keby to fungovalo na celkom svete ako na PayPale, každému stačí e-mailová adresa,” hovorí @VojtaRocek, banky to komplikuj…",0,1,VojtaRocek,22/11/2014,11
Medical Data Transfer na #DataConf14: můj krevní tlak žeprý 110/70. Asi čas na tu rejuvenační gutkávu.,0,0,akuAtaja,22/11/2014,11
RT @kiskffmu: Svět se změnil. Cítím to ve vodě. Cítím to v půdě. Cítím to ve vzduchu. Vidím to v datech. Začíná #dataconf14! http://t.co/eM…,0,6,iVerNen,22/11/2014,11
RT @paveljasek: Kniha 'Think Stats: Pravděpodobnost a statistika pro programátory' v českém překladu a zdarma: http://t.co/jehFliiNPJ #Data…,0,12,dataconfcz,22/11/2014,11
pro @XimaraQuerida byly nejlepsi zazitek z #dataconf14 jahodove zakusky xD http://t.co/9A03BeKAQr,2,0,edison23net,22/11/2014,11
Coffee break se chýlí ke konci a @jakubmracek už je ready #DataConf14,0,0,dataconfcz,22/11/2014,11
"RT @vitvolsicka: ""Existuje spousta firem, které svá data zpracovávají špatně"" #DataConf14",0,1,jankadlec_cz,22/11/2014,11
RT @korinektomas: .@seznam_cz připravuje spolupráci s #TopGis. Na základě obrazové analýzy pak dokážou např. detekovat výmoly na silnicích.…,0,3,jankadlec_cz,22/11/2014,10
Vypadly nám pojistky u kafe! Paniká! :)) Omlouváme se #DataConf14,0,2,dataconfcz,22/11/2014,10
"RT @jakubmracek: ""@edison23net: nejdriv postavit datovou analytiku, pak az firmu."" Příkladem je @damejidlo, které nejdřív mělo nastavené me…",0,4,CoffeeWithMILF,22/11/2014,10
"RT @davidtvrdon: .@VojtaRocek: Ako robím business inteligence vo firme? Chodím za ľuďmi a pýtam sa ich, ako merajú svoj úspech (KPI) #DataC…",0,1,jankadlec_cz,22/11/2014,10
"RT @jakubmracek: ""@edison23net: nejdriv postavit datovou analytiku, pak az firmu."" Příkladem je @damejidlo, které nejdřív mělo nastavené me…",0,4,jankadlec_cz,22/11/2014,10
Proudly presenting  the czech translation of @AllenDowney's Think Stats at #dataconf14 (just went into print). http://t.co/5evKyIfzOT,8,1,endlife,22/11/2014,10
"RT @vitvolsicka: Nejdříve sebraly práci lidem parní stroje, teď ji berou ty výpočetní. A bude to jen horší #truestory #DataConf14",0,1,jankadlec_cz,22/11/2014,10
RT @paveljasek: Kniha 'Think Stats: Pravděpodobnost a statistika pro programátory' v českém překladu a zdarma: http://t.co/jehFliiNPJ #Data…,0,12,jankadlec_cz,22/11/2014,10
Kniha 'Think Stats: Pravděpodobnost a statistika pro programátory' v českém překladu a zdarma: http://t.co/jehFliiNPJ #DataConf14,31,12,paveljasek,22/11/2014,10
#dataconf14 Počet tvítu roste! #goodcafe http://t.co/mf0Q8BdmFD,1,1,RadimHampel,22/11/2014,10
"@PavelLasak a nebude nikdo, kdo napise algoritmy nove, a budeme v haji 
#dataconf14",0,0,edison23net,22/11/2014,10
RT @lubosbednar: První přednáška od @MichalBuzek a hned skvěle konkrétní #seznam #dataconf14,0,2,marekfojtl,22/11/2014,10
"Nejdříve sebraly práci lidem parní stroje, teď ji berou ty výpočetní. A bude to jen horší #truestory #DataConf14",2,1,vitvolsicka,22/11/2014,10
#dataconf14 lidi budou přicházet o práci kvůli algoritmům... Souhlasim.,0,0,PavelLasak,22/11/2014,10
@jirilangr  Zajimavy start! Uz mi jenom chybi vedouci networkingu ;-) #dataconf14 http://t.co/xzfY9iIubm,1,0,Andorina3,22/11/2014,10
@jirilangr  Zajimavy start! Uz mi jenom chybi vedouci networkingu ;-) #dataconf14 http://t.co/SffjR95nsB,0,0,Andorina3,22/11/2014,10
"RT @edison23net: ""zensky z PR nemaj asi KPI…""? chyba, mely by mit KPI s poctem nasranych zakazniku :) #dataconf14",0,1,davidtvrdon,22/11/2014,10
".@VojtaRocek: Ako robím business inteligence vo firme? Chodím za ľuďmi a pýtam sa ich, ako merajú svoj úspech (KPI) #DataConf14",1,1,davidtvrdon,22/11/2014,10
"Přijďte se za námi na #DataConf14 pobavit o tom co u nás s daty budete dělat, když budete pracovat u nás! @Intec_CZ",1,0,Intec_CZ,22/11/2014,10
"""zensky z PR nemaj asi KPI…""? chyba, mely by mit KPI s poctem nasranych zakazniku :) #dataconf14",2,1,edison23net,22/11/2014,10
"@VojtaRocek na #DataConf14 : ""GoodData je nejvetsi BI mailovej server na svete"" :D",1,0,chipiik,22/11/2014,10
RT @vojtano_k: Cekam kdo na #dataconf14 jako prvni vykopne diskuzi o korelaci vs kauzalite :),0,1,Martix_cz,22/11/2014,10
"RT @durnovaeva: Víte, k čemu jste u registrace na #dataconf14 dostali ty modré hlasovací lístky? Ne? Tak teď už to víte :) http://t.co/48Lk…",0,4,PavelLasak,22/11/2014,10
"RT @durnovaeva: Víte, k čemu jste u registrace na #dataconf14 dostali ty modré hlasovací lístky? Ne? Tak teď už to víte :) http://t.co/48Lk…",0,4,dataconfcz,22/11/2014,10
"RT @durnovaeva: Víte, k čemu jste u registrace na #dataconf14 dostali ty modré hlasovací lístky? Ne? Tak teď už to víte :) http://t.co/48Lk…",0,4,edison23net,22/11/2014,10
"RT @jakubmracek: ""@edison23net: nejdriv postavit datovou analytiku, pak az firmu."" Příkladem je @damejidlo, které nejdřív mělo nastavené me…",0,4,vitvolsicka,22/11/2014,10
Cekam kdo na #dataconf14 jako prvni vykopne diskuzi o korelaci vs kauzalite :),6,1,vojtano_k,22/11/2014,10
"základ pro datového analytika je nic neumět, věci ze školy taky potřeba nejsou. To vypadá na práci pro mě. #DataConf14",4,0,d_pazderka,22/11/2014,10
"RT @jakubmracek: .@vojtarocek: Pokud říkáte, že máte #bigdata, pravděpodobně je nezvládáte. #DataConf14",0,5,vitvolsicka,22/11/2014,10
"""Když hledáte pravdu, potřebujete hromadu informací a dobře je analyzovat"" :) #DataConf14",2,1,vitvolsicka,22/11/2014,10
"Jak @VojtaRocek tak @MichalBuzek rikaji, ze nic neumi. Ale neumi to ocividne moc dobre #dataconf14",3,1,vojtano_k,22/11/2014,10
"Víte, k čemu jste u registrace na #dataconf14 dostali ty modré hlasovací lístky? Ne? Tak teď už to víte :) http://t.co/48Lkn2bTIv",4,4,durnovaeva,22/11/2014,10
Prečo robí @VojtaRocek dátovú analytiku? Má rád pravdu. A pravda je v dátach :) #DataConf14,2,1,davidtvrdon,22/11/2014,10
"RT @gooddata_dev: GoodDay, GoodCafe and for sure some GoodData here in Brno at #dataconf14 ! #datalove @MichalBuzek #seznamcz http://t.co/k…",0,3,RadimHampel,22/11/2014,10
datova analytika slouzi k destilaci pravdy  #dataconf14,1,0,edison23net,22/11/2014,10
"""@edison23net: nejdriv postavit datovou analytiku, pak az firmu."" Příkladem je @damejidlo, které nejdřív mělo nastavené metriky. #dataconf14",5,4,jakubmracek,22/11/2014,10
#dataconf14 Neustále se ptát: Proč? @VojtaRocek naprosto souhlasím.,2,0,PavelLasak,22/11/2014,10
"RT @jakubmracek: .@vojtarocek: Pokud říkáte, že máte #bigdata, pravděpodobně je nezvládáte. #DataConf14",0,5,CLEVERLYTICS,22/11/2014,10
RT @dataconfcz: Ještě se nějaké to volné místečko najde. Případně na schodech je stále místa dost :))  #DataConf14,0,1,endlife_cs,22/11/2014,10
"nejdriv postavit datovou analytiku, pak az firmu. #dataconf14",0,0,edison23net,22/11/2014,10
"Každá firma bude potřebovat člověka, který se jí bude starat o data. @VojtaRocek @ #DataConf14",2,2,jakubmracek,22/11/2014,10
".@vojtarocek: Pokud říkáte, že máte #bigdata, pravděpodobně je nezvládáte. #DataConf14",2,5,jakubmracek,22/11/2014,10
"Big Data jsou data, která (dnes) nezvládáte (svou) technologií zpracovat. @VojtaRocek na #DataConf14",3,1,jankadlec_cz,22/11/2014,10
"#dataconf14 BigData až přestanete zvládat zapracovavat data, prostředky, které mate.",1,1,PavelLasak,22/11/2014,10
"""Big data = data, ktera uz nezvladate zpracovavat."" #DataConf14 http://t.co/DXk63k8LD1",3,3,PetrTwo,22/11/2014,10
"RT @edison23net: ""lidi, co rikaj, ze maj #bigdata , svoje data nezvladaj."" #dataconf14",0,3,accusoftinfoway,22/11/2014,10
"“Keby to fungovalo na celkom svete ako na PayPale, každému stačí e-mailová adresa,” hovorí @VojtaRocek, banky to komplikujú. #DataConf14",2,1,davidtvrdon,22/11/2014,10
"""lidi, co rikaj, ze maj #bigdata , svoje data nezvladaj."" #dataconf14",1,3,edison23net,22/11/2014,10
@XimaraQuerida Program update pro #DataConf14 http://t.co/cSKjeqTeQx,2,0,Martix_cz,22/11/2014,10
"Už jsem byl 2x požádán o nastaveni sítě eduroam, tady je návod http://t.co/9fNbGLku8A #dataconf14",2,0,CoffeeWithMILF,22/11/2014,10
"""Slunce po 14 ti dnech zvýšilo prodeje sušenek 6x více, než internetová kampaň"" #DataConf14",3,0,vitvolsicka,22/11/2014,10
Přijďte na #dataconf14 ! Pomalu se rozjizdime  a bude to skvělé! Viz program ;) http://t.co/aaU4XRex3b,2,0,durnovaeva,22/11/2014,10
Ještě se nějaké to volné místečko najde. Případně na schodech je stále místa dost :))  #DataConf14,0,1,dataconfcz,22/11/2014,10
"@XimaraQuerida Program na #DataConf14 (viz foto), je ve slozce spolecne s mapkou, kde je afterparty. ;-) http://t.co/rUiFaEIUO5",3,0,Martix_cz,22/11/2014,10
"""Ty mas tak hezky oci, takovy jak ten vas pes :)"" @h_onza k @MichalBuzek na #DataConf14",8,0,VojtaRocek,22/11/2014,9
RT @korinektomas: .@seznam_cz připravuje spolupráci s #TopGis. Na základě obrazové analýzy pak dokážou např. detekovat výmoly na silnicích.…,0,3,vitvolsicka,22/11/2014,9
"""Data mohou vyprávět spoustu příběhu, některé mohou ale být zavádějící"" #DataConf14",3,0,vitvolsicka,22/11/2014,9
.@seznam_cz připravuje spolupráci s #TopGis. Na základě obrazové analýzy pak dokážou např. detekovat výmoly na silnicích. #DataConf14,2,3,korinektomas,22/11/2014,9
"Seznam minul v roku 2011 milióny na mobilné aplikácie. Využíva to však 3-5 percent, väčšina chodí aj na mobiloch cez prehliadač. #DataConf14",2,0,davidtvrdon,22/11/2014,9
V materiálech na #dataconf14 bych ocenila i program...,6,0,XimaraQuerida,22/11/2014,9
RT @lubosbednar: První přednáška od @MichalBuzek a hned skvěle konkrétní #seznam #dataconf14,0,2,jirtob,22/11/2014,9
"RT @gooddata_dev: GoodDay, GoodCafe and for sure some GoodData here in Brno at #dataconf14 ! #datalove @MichalBuzek #seznamcz http://t.co/k…",0,3,jirtob,22/11/2014,9
na mapach @seznam_cz budou uvedeny i diry na silnicich :) #dataconf14,1,0,edison23net,22/11/2014,9
"""Jednoduché tabuľky dokážu odkryť dôležité veci."" Seznam monitoruje inzerentov, na základe čoho dokáže s nimi lepšie komunikovať #DataConf14",0,0,davidtvrdon,22/11/2014,9
#dataconf14 Seznam a novy portal s Topgis. Kartografie a letecke mapy.,0,0,PavelLasak,22/11/2014,9
Pohled z backstage #DataConf14 http://t.co/CcTepkeaMW,2,0,HHabermannov,22/11/2014,9
RT @JustXsi: Taková pěkná meziuniverzitní spolupráce… #lajk @muni_cz @VUTvBrne #DataConf14 http://t.co/kIX0wB8vth,0,1,Martix_cz,22/11/2014,9
"GoodDay, GoodCafe and for sure some GoodData here in Brno at #dataconf14 ! #datalove @MichalBuzek #seznamcz http://t.co/kpw1NREkv1",3,3,gooddata_dev,22/11/2014,9
RT @korinektomas: Začíná #DataConf14. V zadní řadě děláme dat(l)ovou analytiku. http://t.co/QTt0w7lOI6,0,1,Martix_cz,22/11/2014,9
První přednáška od @MichalBuzek a hned skvěle konkrétní #seznam #dataconf14,2,2,lubosbednar,22/11/2014,9
Taková pěkná meziuniverzitní spolupráce… #lajk @muni_cz @VUTvBrne #DataConf14 http://t.co/kIX0wB8vth,9,1,JustXsi,22/11/2014,9
RT @kiskffmu: Svět se změnil. Cítím to ve vodě. Cítím to v půdě. Cítím to ve vzduchu. Vidím to v datech. Začíná #dataconf14! http://t.co/eM…,0,6,jirtob,22/11/2014,9
RT @kiskffmu: Svět se změnil. Cítím to ve vodě. Cítím to v půdě. Cítím to ve vzduchu. Vidím to v datech. Začíná #dataconf14! http://t.co/eM…,0,6,M_LETAL,22/11/2014,9
"Toto je veľká pravda: Dáta sú najlepším spôsobom, ako hovoriť príbehy. Hovorí @MichalBuzek zo Seznamu. #DataConf14 http://t.co/hrpnKhCVXm",0,0,davidtvrdon,22/11/2014,9
"#seznamcz si vyviji vlastni ""google analytics""? nice #dataconf14",1,0,edison23net,22/11/2014,9
Data vypráví příběhy. Profíci je umí předat dál. @MichalBuzek na #DataConf14,6,0,jankadlec_cz,22/11/2014,9
"""Existuje spousta firem, které svá data zpracovávají špatně"" #DataConf14",1,1,vitvolsicka,22/11/2014,9
RT @tombouda: Na #dataconf14 se prostě vstává brzo. http://t.co/uGbi2lMsgN,0,1,endlife_cs,22/11/2014,9
Neskutočný timing zatiaľ! Na minútu presne. Klobúk dole. Aj to je asi o dátach :) #DataConf14 http://t.co/TxhtvWHvrC,2,0,davidtvrdon,22/11/2014,9
Začíná #DataConf14. V zadní řadě děláme dat(l)ovou analytiku. http://t.co/QTt0w7lOI6,8,1,korinektomas,22/11/2014,9
Human augmentation project at #dataconf14 #cyborg http://t.co/ZoNoYcsbwJ,8,0,endlife,22/11/2014,9
RT @kiskffmu: Svět se změnil. Cítím to ve vodě. Cítím to v půdě. Cítím to ve vzduchu. Vidím to v datech. Začíná #dataconf14! http://t.co/eM…,0,6,michaelstencl,22/11/2014,9
Prvni ciste data konference DataConf2014 zacina. Tak pojdte do me! #DataConf14 http://t.co/XMSVKn5HZS,1,0,I2usty,22/11/2014,9
"""#DataConf14 pořádáme, abychom studentům pomohli rozhodnout se správně. Pro data."" #souhlas",6,0,jankadlec_cz,22/11/2014,9
Bude min. 100 Twetu na DataConf2014 s #DataConf14 ?,0,0,PavelLasak,22/11/2014,9
Dneska partnerujem. #dataconf14 http://t.co/2tmwGyvhYE,1,0,MotionhouseCZ,22/11/2014,9
RT @kiskffmu: Svět se změnil. Cítím to ve vodě. Cítím to v půdě. Cítím to ve vzduchu. Vidím to v datech. Začíná #dataconf14! http://t.co/eM…,0,6,endlife_cs,22/11/2014,9
CoffeeConf? :) #DataConf14 http://t.co/yWERLy9605,1,0,PetrTwo,22/11/2014,9
Zaciname! #dataconf14 (@ FIT VUT v Brně in Brno) http://t.co/vR6QvduXPY,1,0,vojtano_k,22/11/2014,9
RT @kiskffmu: Svět se změnil. Cítím to ve vodě. Cítím to v půdě. Cítím to ve vzduchu. Vidím to v datech. Začíná #dataconf14! http://t.co/eM…,0,6,Martix_cz,22/11/2014,9
Svět se změnil. Cítím to ve vodě. Cítím to v půdě. Cítím to ve vzduchu. Vidím to v datech. Začíná #dataconf14! http://t.co/eMKmpEX94W,12,6,kiskffmu,22/11/2014,9
Tak uz zaciname! Par mist v hlavnim sale je jeste volnych ;) #DataConf14,1,0,dataconfcz,22/11/2014,9
#DataConf14 Stánek jak využít Power Query a Power Pivot pro efektivní reporty v Excel...,0,0,PavelLasak,22/11/2014,9
"materialy na #dataconf14 jsou pro me jako plinaka vyzivne, papir od Inteligent Technologies zjevne sazel nekdo dneska v noci",0,0,edison23net,22/11/2014,9
"Tak jedem, ne? :D #DataConf14 http://t.co/7kyysbhrIO",0,0,PetrTwo,22/11/2014,9
"Keby niekto nevidel na rozpise tie malé písmenká, tu je heslo na wifi. #DataConf14 #wifi http://t.co/2SHLCwVuOh",3,0,davidtvrdon,22/11/2014,9
#dataconf14 muže začít! http://t.co/HDy2x0ZTWW,0,0,RadimHampel,22/11/2014,8
Abyste meli program hned po ruce... #DataConf14 http://t.co/F1h3MofFUO,4,0,dataconfcz,22/11/2014,8
Uz vas tu je pres 100! Poukazy na drink jsme vsechny rozdali :) #DataConf14,0,0,dataconfcz,22/11/2014,8
Tradicni konferencni dotaz: mate nekdo navic vga redukci? Mame trochu polamanou.  #dataconf14,2,0,endlife_cs,22/11/2014,8
Tie šípky boli fakt veľmi veľmi dobrý nápad! Díky #DataConf14 http://t.co/erkVEgDONS,3,0,davidtvrdon,22/11/2014,8
Na #dataconf14 se prostě vstává brzo. http://t.co/uGbi2lMsgN,7,1,tombouda,22/11/2014,8
"Cestuji na #DataConf14, abych uzavřel svou #opendatacz kariéru přednáškou, k čemu otevřená data vlastně jsou. S kým se potkám?",4,0,jakubmracek,22/11/2014,4
RT @RadimHampel: Facebook analytika? Už zítra. #dataconf14 #goodcafe #gooddata @intecs_cz,0,1,PetrScudla,22/11/2014,0
RT @dataconfcz: !Zítra na #DataConf14 14:00-14:25 @adamheroutcz za @angelcamcom o datech z bezpečnostních kamer... a děkujeme za spolupráci…,0,2,adamheroutcz,21/11/2014,23
RT @kiskffmu: Jak se těšíte na zítřejší #DataConf14? Na fotce vidíte 0 předmětů na koberci v kanclu: vše je už na místě! #data http://t.co/…,0,1,dataconfcz,21/11/2014,21
RT @dataconfcz: !Zítra na #DataConf14 14:00-14:25 @adamheroutcz za @angelcamcom o datech z bezpečnostních kamer... a děkujeme za spolupráci…,0,2,angelcamcom,21/11/2014,21
"RT @kiskffmu: Na #DataConf14 se chystá i tým připravující české vydání Think Stats, které dnes odešlo do tisku. Máme i živý náhled! http://…",0,1,endlife_cs,21/11/2014,19
"Na #DataConf14 se chystá i tým připravující české vydání Think Stats, které dnes odešlo do tisku. Máme i živý náhled! http://t.co/8j4LLVnSy1",5,1,kiskffmu,21/11/2014,19
Jak se těšíte na zítřejší #DataConf14? Na fotce vidíte 0 předmětů na koberci v kanclu: vše je už na místě! #data http://t.co/qD1r7UxSvC,4,1,kiskffmu,21/11/2014,19
Don't miss our founder @michalillich at #DataConf14 tomorrow and his talk on Deep Learning! http://t.co/XQpR0XPyST,1,0,testomatocom,21/11/2014,18
"RT @Intec_CZ: #DataConf14 Nastartujte kariéru v nejrychleji rostoucím odvětví, zkuste Big Data v cloudu s @Intec_CZ! http://t.co/JN0nPttKwb",0,3,polasekm,21/11/2014,18
"RT @Intec_CZ: #DataConf14 Nastartujte kariéru v nejrychleji rostoucím odvětví, zkuste Big Data v cloudu s @Intec_CZ! http://t.co/JN0nPttKwb",0,3,lubosbednar,21/11/2014,18
!Zítra na #DataConf14 14:00-14:25 @adamheroutcz za @angelcamcom o datech z bezpečnostních kamer... a děkujeme za spolupráci s @FIT_VUT :),2,2,dataconfcz,21/11/2014,17
"#DataConf14 Nastartujte kariéru v nejrychleji rostoucím odvětví, zkuste Big Data v cloudu s @Intec_CZ! http://t.co/JN0nPttKwb",0,3,Intec_CZ,21/11/2014,17
Facebook analytika? Už zítra. #dataconf14 #goodcafe #gooddata @intecs_cz,2,1,RadimHampel,21/11/2014,12
Zítra #DataConf14 ... S kým se potkám?,3,0,ImThePudge,21/11/2014,11
"Všechny důležité informace jsme registrovaným v noci poslali na mejl, snad to neskončilo ve spamu :))  #DataConf14",0,0,dataconfcz,21/11/2014,11
Konferencia roka sa pre mňa koná zajtra. Teším sa. #DataConf14 http://t.co/hj6FRUKDG8,2,0,davidtvrdon,21/11/2014,8
Jdeme do finále! S kým se potkám na #DataConf14 ? http://t.co/F7i1q7lEh4,3,0,HHabermannov,20/11/2014,23
"RT @jirtob: #DataConf14 už pozítří! Jsem zvědav co posluchači na #GoodCafe a ""BI co dava smysl"". Těším se! #gooddata @michaelstencl",0,2,lubosbednar,20/11/2014,18
"RT @jirtob: #DataConf14 už pozítří! Jsem zvědav co posluchači na #GoodCafe a ""BI co dava smysl"". Těším se! #gooddata @michaelstencl",0,2,michaelstencl,20/11/2014,17
RT @dataconfcz: Thx @gooddata za kafe i za spíkra 16:00-16:55 @michaelstencl prý bude mluvit o Business Intelligence :) http://t.co/9OTeokK…,0,7,jirtob,20/11/2014,17
"#DataConf14 už pozítří! Jsem zvědav co posluchači na #GoodCafe a ""BI co dava smysl"". Těším se! #gooddata @michaelstencl",5,2,jirtob,20/11/2014,17
Již pozítří na #DataConf14 17:00-17:35 @michalillich z @wikidicz a jeho přednáška na téma Deep Learning! Viz http://t.co/9OTeokKHx5,1,0,dataconfcz,20/11/2014,9
S kým se v sobotu potkám na #DataConf14?,1,0,vitvolsicka,19/11/2014,18
RT @dataconfcz: Thx @gooddata za kafe i za spíkra 16:00-16:55 @michaelstencl prý bude mluvit o Business Intelligence :) http://t.co/9OTeokK…,0,7,HHabermannov,19/11/2014,14
RT @dataconfcz: Thx @gooddata za kafe i za spíkra 16:00-16:55 @michaelstencl prý bude mluvit o Business Intelligence :) http://t.co/9OTeokK…,0,7,RadimHampel,19/11/2014,0
RT @dataconfcz: Thx @gooddata za kafe i za spíkra 16:00-16:55 @michaelstencl prý bude mluvit o Business Intelligence :) http://t.co/9OTeokK…,0,7,adamheroutcz,18/11/2014,21
RT @dataconfcz: Thx @gooddata za kafe i za spíkra 16:00-16:55 @michaelstencl prý bude mluvit o Business Intelligence :) http://t.co/9OTeokK…,0,7,jijik,18/11/2014,20
RT @dataconfcz: Thx @gooddata za kafe i za spíkra 16:00-16:55 @michaelstencl prý bude mluvit o Business Intelligence :) http://t.co/9OTeokK…,0,7,michaelstencl,18/11/2014,20
RT @dataconfcz: Thx @gooddata za kafe i za spíkra 16:00-16:55 @michaelstencl prý bude mluvit o Business Intelligence :) http://t.co/9OTeokK…,0,7,stenisko,18/11/2014,20
Thx @gooddata za kafe i za spíkra 16:00-16:55 @michaelstencl prý bude mluvit o Business Intelligence :) http://t.co/9OTeokKHx5 #DataConf14,4,7,dataconfcz,18/11/2014,18
"Už jen 6 dní! #DataConf14 15:00-15:25 @IgorSzoke z @FIT_VUT prozradí, jak extrahovat info z řeči :) Viz profil: http://t.co/9OTeokKHx5",0,0,dataconfcz,16/11/2014,18
RT @dataconfcz: Jediná žena mezi přednášejícími #DataConf14 12:00-12:25 Veronika Bulková - Jak na data 5000 pacientů v kardiologii? http://…,0,1,MichalBuzek,15/11/2014,10
RT @dataconfcz: Personální změna #DataConf14 10:00-10:25 bude o praxi mluvit @VojtaRocek z Rockaway ;) http://t.co/9OTeokKHx5,0,2,VojtaRocek,14/11/2014,14
